comid,statistic,variable,year,month,value
3917176,mean,estimated,1950,1,13.449449423151
3917176,mean,estimated,1950,2,14.6023463970994
3917176,mean,estimated,1950,3,15.7274018517483
3917176,mean,estimated,1950,4,21.2796898819733
3917176,mean,estimated,1950,5,36.0842455489651
3917176,mean,estimated,1950,6,17.4725445225786
3917176,mean,estimated,1950,7,11.4311306357686
3917176,mean,estimated,1950,8,5.407899859109
3917176,mean,estimated,1950,9,10.3627994496274
3917176,mean,estimated,1950,10,28.5636187166716
3917176,mean,estimated,1950,11,30.1500284351572
3917176,mean,estimated,1950,12,48.5020266573654
3917176,mean,estimated,1951,1,33.2944429007613
3917176,mean,estimated,1951,2,46.0135874585729
3917176,mean,estimated,1951,3,30.4284738810301
3917176,mean,estimated,1951,4,27.4074475322863
3917176,mean,estimated,1951,5,35.7490792010235
3917176,mean,estimated,1951,6,15.5526688020336
3917176,mean,estimated,1951,7,6.98540987149949
3917176,mean,estimated,1951,8,4.71309163030498
3917176,mean,estimated,1951,9,8.11453525015102
3917176,mean,estimated,1951,10,11.3560537803448
3917176,mean,estimated,1951,11,13.6088662900908
3917176,mean,estimated,1951,12,17.3116067133451
3917176,mean,estimated,1952,1,22.6885004639693
3917176,mean,estimated,1952,2,34.2079642276683
3917176,mean,estimated,1952,3,32.8673284371372
3917176,mean,estimated,1952,4,40.5714467415077
3917176,mean,estimated,1952,5,68.2474517765913
3917176,mean,estimated,1952,6,39.6658734127778
3917176,mean,estimated,1952,7,18.6677401713523
3917176,mean,estimated,1952,8,9.72154677310096
3917176,mean,estimated,1952,9,13.0240636820221
3917176,mean,estimated,1952,10,13.6791157189297
3917176,mean,estimated,1952,11,14.8848225396884
3917176,mean,estimated,1952,12,11.4217919726026
3917176,mean,estimated,1953,1,26.2684040354856
3917176,mean,estimated,1953,2,36.416320721563
3917176,mean,estimated,1953,3,27.326869499648
3917176,mean,estimated,1953,4,25.9843774532829
3917176,mean,estimated,1953,5,54.4118985931199
3917176,mean,estimated,1953,6,40.2540295801241
3917176,mean,estimated,1953,7,31.6128739988174
3917176,mean,estimated,1953,8,10.3811374014269
3917176,mean,estimated,1953,9,12.4891618082267
3917176,mean,estimated,1953,10,10.4091032457173
3917176,mean,estimated,1953,11,14.3579377520619
3917176,mean,estimated,1953,12,17.8635615408218
3917176,mean,estimated,1954,1,30.1849253854175
3917176,mean,estimated,1954,2,38.5116136454104
3917176,mean,estimated,1954,3,31.8644969088375
3917176,mean,estimated,1954,4,29.947152119735
3917176,mean,estimated,1954,5,49.9642934184825
3917176,mean,estimated,1954,6,19.4189690039369
3917176,mean,estimated,1954,7,11.2753705598349
3917176,mean,estimated,1954,8,5.87622014841817
3917176,mean,estimated,1954,9,9.99053609807111
3917176,mean,estimated,1954,10,9.31650930054789
3917176,mean,estimated,1954,11,10.2379360181677
3917176,mean,estimated,1954,12,8.46244341639413
3917176,mean,estimated,1955,1,7.07736860900081
3917176,mean,estimated,1955,2,9.36210057817057
3917176,mean,estimated,1955,3,11.0691872224159
3917176,mean,estimated,1955,4,14.6324477761575
3917176,mean,estimated,1955,5,32.4124049230179
3917176,mean,estimated,1955,6,21.7521175162823
3917176,mean,estimated,1955,7,11.5416938269087
3917176,mean,estimated,1955,8,6.90339166759845
3917176,mean,estimated,1955,9,9.69480109370547
3917176,mean,estimated,1955,10,9.67220015953587
3917176,mean,estimated,1955,11,10.8001058838622
3917176,mean,estimated,1955,12,37.7014237953216
3917176,mean,estimated,1956,1,68.711885295677
3917176,mean,estimated,1956,2,45.8232862651058
3917176,mean,estimated,1956,3,47.2584844496246
3917176,mean,estimated,1956,4,48.6290446057246
3917176,mean,estimated,1956,5,77.4470444674051
3917176,mean,estimated,1956,6,43.2348209111956
3917176,mean,estimated,1956,7,19.4740588099259
3917176,mean,estimated,1956,8,10.6681374583674
3917176,mean,estimated,1956,9,15.0193820417289
3917176,mean,estimated,1956,10,16.0705216198981
3917176,mean,estimated,1956,11,15.6861824479395
3917176,mean,estimated,1956,12,10.5186374333265
3917176,mean,estimated,1957,1,9.07148220733733
3917176,mean,estimated,1957,2,42.5441424794616
3917176,mean,estimated,1957,3,26.3755932880286
3917176,mean,estimated,1957,4,31.0865385153376
3917176,mean,estimated,1957,5,43.5674646857262
3917176,mean,estimated,1957,6,24.1253006188302
3917176,mean,estimated,1957,7,9.89793720299708
3917176,mean,estimated,1957,8,5.32604684050908
3917176,mean,estimated,1957,9,12.6197403167202
3917176,mean,estimated,1957,10,17.6822561153641
3917176,mean,estimated,1957,11,16.6792006641652
3917176,mean,estimated,1957,12,21.2647634491725
3917176,mean,estimated,1958,1,35.9274312030895
3917176,mean,estimated,1958,2,117.177697557468
3917176,mean,estimated,1958,3,62.1084960635933
3917176,mean,estimated,1958,4,47.0948754952372
3917176,mean,estimated,1958,5,83.5125903601186
3917176,mean,estimated,1958,6,49.9594671092526
3917176,mean,estimated,1958,7,19.2869164211278
3917176,mean,estimated,1958,8,9.74889454447048
3917176,mean,estimated,1958,9,14.0320511603783
3917176,mean,estimated,1958,10,14.7904636778214
3917176,mean,estimated,1958,11,15.7927764867501
3917176,mean,estimated,1958,12,14.9719429827939
3917176,mean,estimated,1959,1,11.9519379904576
3917176,mean,estimated,1959,2,14.5219212295464
3917176,mean,estimated,1959,3,15.5672898217835
3917176,mean,estimated,1959,4,16.0334390404174
3917176,mean,estimated,1959,5,29.6317247001963
3917176,mean,estimated,1959,6,18.033299815905
3917176,mean,estimated,1959,7,7.65790848466368
3917176,mean,estimated,1959,8,4.01890012871927
3917176,mean,estimated,1959,9,9.71987494995619
3917176,mean,estimated,1959,10,9.78176485151637
3917176,mean,estimated,1959,11,5.99995291587021
3917176,mean,estimated,1959,12,8.18196511956337
3917176,mean,estimated,1960,1,8.01099977421794
3917176,mean,estimated,1960,2,25.1879647095588
3917176,mean,estimated,1960,3,17.6739537009024
3917176,mean,estimated,1960,4,20.4577350478565
3917176,mean,estimated,1960,5,31.6827511064462
3917176,mean,estimated,1960,6,16.8038310677984
3917176,mean,estimated,1960,7,7.26735315550009
3917176,mean,estimated,1960,8,3.88033886216715
3917176,mean,estimated,1960,9,8.61283559770421
3917176,mean,estimated,1960,10,9.7646625141822
3917176,mean,estimated,1960,11,11.8129443224029
3917176,mean,estimated,1960,12,14.6824482320015
3917176,mean,estimated,1961,1,17.2946480410242
3917176,mean,estimated,1961,2,31.4407141398867
3917176,mean,estimated,1961,3,27.0193690691235
3917176,mean,estimated,1961,4,28.4215531696479
3917176,mean,estimated,1961,5,48.9795141507426
3917176,mean,estimated,1961,6,17.733566481068
3917176,mean,estimated,1961,7,7.22984890846194
3917176,mean,estimated,1961,8,3.73101404867896
3917176,mean,estimated,1961,9,9.86923582807402
3917176,mean,estimated,1961,10,11.178029198898
3917176,mean,estimated,1961,11,12.8678471347232
3917176,mean,estimated,1961,12,20.7523522210163
3917176,mean,estimated,1962,1,18.8724047849775
3917176,mean,estimated,1962,2,42.970604723589
3917176,mean,estimated,1962,3,25.6769809866456
3917176,mean,estimated,1962,4,23.310036808291
3917176,mean,estimated,1962,5,37.0577142912169
3917176,mean,estimated,1962,6,15.5226481313734
3917176,mean,estimated,1962,7,8.00934245031144
3917176,mean,estimated,1962,8,4.47720199316552
3917176,mean,estimated,1962,9,8.68141959510373
3917176,mean,estimated,1962,10,24.0082333240303
3917176,mean,estimated,1962,11,30.3703607717756
3917176,mean,estimated,1962,12,38.9383585672929
3917176,mean,estimated,1963,1,26.6113587555524
3917176,mean,estimated,1963,2,39.3013620516045
3917176,mean,estimated,1963,3,29.3587995848382
3917176,mean,estimated,1963,4,36.0955442280814
3917176,mean,estimated,1963,5,49.1675451065757
3917176,mean,estimated,1963,6,38.7307787088858
3917176,mean,estimated,1963,7,11.5386681185364
3917176,mean,estimated,1963,8,7.22673926806572
3917176,mean,estimated,1963,9,10.6229670854276
3917176,mean,estimated,1963,10,11.8530565160456
3917176,mean,estimated,1963,11,11.9068275244897
3917176,mean,estimated,1963,12,14.360742044078
3917176,mean,estimated,1964,1,14.6662202867625
3917176,mean,estimated,1964,2,15.4438919573152
3917176,mean,estimated,1964,3,15.1901001037792
3917176,mean,estimated,1964,4,17.5132184394994
3917176,mean,estimated,1964,5,37.2616305873987
3917176,mean,estimated,1964,6,22.1444445621592
3917176,mean,estimated,1964,7,11.3393004034921
3917176,mean,estimated,1964,8,5.82314266387077
3917176,mean,estimated,1964,9,9.26627978397048
3917176,mean,estimated,1964,10,9.15016593097597
3917176,mean,estimated,1964,11,11.6724183723088
3917176,mean,estimated,1964,12,71.4341078871689
3917176,mean,estimated,1965,1,47.1284485401942
3917176,mean,estimated,1965,2,37.8626656947174
3917176,mean,estimated,1965,3,40.3102225096876
3917176,mean,estimated,1965,4,42.0950564625393
3917176,mean,estimated,1965,5,66.8330648564374
3917176,mean,estimated,1965,6,35.43440119588
3917176,mean,estimated,1965,7,17.8974737859264
3917176,mean,estimated,1965,8,10.1007630310804
3917176,mean,estimated,1965,9,12.7428055683292
3917176,mean,estimated,1965,10,11.6327445200918
3917176,mean,estimated,1965,11,13.9231735638469
3917176,mean,estimated,1965,12,17.2938027271787
3917176,mean,estimated,1966,1,13.9970465501487
3917176,mean,estimated,1966,2,14.201525439825
3917176,mean,estimated,1966,3,14.3115296064338
3917176,mean,estimated,1966,4,15.9585476200787
3917176,mean,estimated,1966,5,31.1388031475014
3917176,mean,estimated,1966,6,14.9515553225793
3917176,mean,estimated,1966,7,7.81523669340822
3917176,mean,estimated,1966,8,4.1500507296584
3917176,mean,estimated,1966,9,7.98139560296203
3917176,mean,estimated,1966,10,8.81041051031572
3917176,mean,estimated,1966,11,15.1553025437496
3917176,mean,estimated,1966,12,19.8539145348494
3917176,mean,estimated,1967,1,32.630488736188
3917176,mean,estimated,1967,2,20.616202316045
3917176,mean,estimated,1967,3,24.3381850892118
3917176,mean,estimated,1967,4,33.6449029520509
3917176,mean,estimated,1967,5,86.6548456689598
3917176,mean,estimated,1967,6,58.016471408625
3917176,mean,estimated,1967,7,18.735873277943
3917176,mean,estimated,1967,8,6.84602213688421
3917176,mean,estimated,1967,9,12.0377657878039
3917176,mean,estimated,1967,10,11.5490540796139
3917176,mean,estimated,1967,11,11.2948898111312
3917176,mean,estimated,1967,12,9.44483677425981
3917176,mean,estimated,1968,1,10.1480023582241
3917176,mean,estimated,1968,2,20.8051130606893
3917176,mean,estimated,1968,3,14.4165558845853
3917176,mean,estimated,1968,4,13.7134045225201
3917176,mean,estimated,1968,5,26.7320633126505
3917176,mean,estimated,1968,6,14.5875519915188
3917176,mean,estimated,1968,7,6.83313880439652
3917176,mean,estimated,1968,8,4.36884635957569
3917176,mean,estimated,1968,9,8.52517623414326
3917176,mean,estimated,1968,10,9.52041496215438
3917176,mean,estimated,1968,11,10.5739653459463
3917176,mean,estimated,1968,12,13.6455215117254
3917176,mean,estimated,1969,1,22.1785239580197
3917176,mean,estimated,1969,2,30.7135530614625
3917176,mean,estimated,1969,3,33.7514077906668
3917176,mean,estimated,1969,4,35.6891257819286
3917176,mean,estimated,1969,5,76.1693893185866
3917176,mean,estimated,1969,6,42.351708936259
3917176,mean,estimated,1969,7,16.529884244719
3917176,mean,estimated,1969,8,8.91029837189342
3917176,mean,estimated,1969,9,15.1875362748875
3917176,mean,estimated,1969,10,13.9556357975006
3917176,mean,estimated,1969,11,15.6461865676755
3917176,mean,estimated,1969,12,15.9793429189514
3917176,mean,estimated,1970,1,39.8445030104393
3917176,mean,estimated,1970,2,42.1167785453627
3917176,mean,estimated,1970,3,36.8811994050779
3917176,mean,estimated,1970,4,30.6394931869795
3917176,mean,estimated,1970,5,63.0563954825031
3917176,mean,estimated,1970,6,38.9449857219491
3917176,mean,estimated,1970,7,16.7291944124371
3917176,mean,estimated,1970,8,6.52612602211357
3917176,mean,estimated,1970,9,11.6265298002088
3917176,mean,estimated,1970,10,9.92664128111257
3917176,mean,estimated,1970,11,30.1761460366715
3917176,mean,estimated,1970,12,27.9665221088559
3917176,mean,estimated,1971,1,27.4508162841114
3917176,mean,estimated,1971,2,27.8923250105299
3917176,mean,estimated,1971,3,27.3264913995361
3917176,mean,estimated,1971,4,35.6173514118553
3917176,mean,estimated,1971,5,75.7850614888862
3917176,mean,estimated,1971,6,60.0112575612047
3917176,mean,estimated,1971,7,17.8257084997597
3917176,mean,estimated,1971,8,8.85363527502053
3917176,mean,estimated,1971,9,13.3417106013833
3917176,mean,estimated,1971,10,13.7700412280013
3917176,mean,estimated,1971,11,13.5964776757368
3917176,mean,estimated,1971,12,15.8121781931023
3917176,mean,estimated,1972,1,15.500866265218
3917176,mean,estimated,1972,2,30.6870226507542
3917176,mean,estimated,1972,3,28.3680684979385
3917176,mean,estimated,1972,4,32.004534285625
3917176,mean,estimated,1972,5,54.8609097915816
3917176,mean,estimated,1972,6,27.458051363483
3917176,mean,estimated,1972,7,9.71765273887108
3917176,mean,estimated,1972,8,4.96325068719417
3917176,mean,estimated,1972,9,11.322207862571
3917176,mean,estimated,1972,10,11.0138215187142
3917176,mean,estimated,1972,11,12.0364824025716
3917176,mean,estimated,1972,12,8.11742628921736
3917176,mean,estimated,1973,1,9.02381440480259
3917176,mean,estimated,1973,2,22.8435377831595
3917176,mean,estimated,1973,3,17.1774402932845
3917176,mean,estimated,1973,4,16.6016523606149
3917176,mean,estimated,1973,5,30.3314057812068
3917176,mean,estimated,1973,6,13.1181960523739
3917176,mean,estimated,1973,7,6.93856922014074
3917176,mean,estimated,1973,8,4.43496401647872
3917176,mean,estimated,1973,9,9.12880254102544
3917176,mean,estimated,1973,10,13.7647044095651
3917176,mean,estimated,1973,11,38.3503607410844
3917176,mean,estimated,1973,12,53.796909731465
3917176,mean,estimated,1974,1,49.3520272946825
3917176,mean,estimated,1974,2,50.0019847730388
3917176,mean,estimated,1974,3,65.2667736243085
3917176,mean,estimated,1974,4,54.488823147096
3917176,mean,estimated,1974,5,86.0194047381112
3917176,mean,estimated,1974,6,40.2326215674084
3917176,mean,estimated,1974,7,12.4922567870527
3917176,mean,estimated,1974,8,7.3773948968894
3917176,mean,estimated,1974,9,13.2816090665413
3917176,mean,estimated,1974,10,12.5289032212526
3917176,mean,estimated,1974,11,11.5960766288517
3917176,mean,estimated,1974,12,8.16325984248371
3917176,mean,estimated,1975,1,9.70942771449193
3917176,mean,estimated,1975,2,38.8797101590869
3917176,mean,estimated,1975,3,29.4104433952976
3917176,mean,estimated,1975,4,45.9011844849917
3917176,mean,estimated,1975,5,93.0867338640618
3917176,mean,estimated,1975,6,111.827785297711
3917176,mean,estimated,1975,7,29.5962224205629
3917176,mean,estimated,1975,8,14.6136052079828
3917176,mean,estimated,1975,9,17.1650595844846
3917176,mean,estimated,1975,10,17.1504106935779
3917176,mean,estimated,1975,11,13.8986119543794
3917176,mean,estimated,1975,12,16.1181247796991
3917176,mean,estimated,1976,1,14.0002599187097
3917176,mean,estimated,1976,2,17.1506216039271
3917176,mean,estimated,1976,3,16.5099190085722
3917176,mean,estimated,1976,4,17.6701267055737
3917176,mean,estimated,1976,5,28.2266934471235
3917176,mean,estimated,1976,6,20.3195218592951
3917176,mean,estimated,1976,7,10.4803384572083
3917176,mean,estimated,1976,8,7.32548805679599
3917176,mean,estimated,1976,9,9.61748809860281
3917176,mean,estimated,1976,10,10.0552009514081
3917176,mean,estimated,1976,11,7.88594672610539
3917176,mean,estimated,1976,12,8.4827759478442
3917176,mean,estimated,1977,1,6.69602176184739
3917176,mean,estimated,1977,2,7.8421840434814
3917176,mean,estimated,1977,3,9.51607240996647
3917176,mean,estimated,1977,4,13.5386648541978
3917176,mean,estimated,1977,5,24.4412643343951
3917176,mean,estimated,1977,6,19.8592755099401
3917176,mean,estimated,1977,7,5.84458847831936
3917176,mean,estimated,1977,8,2.77824402566521
3917176,mean,estimated,1977,9,10.9337445840589
3917176,mean,estimated,1977,10,10.9114074127798
3917176,mean,estimated,1977,11,13.5301807692066
3917176,mean,estimated,1977,12,27.3144105351081
3917176,mean,estimated,1978,1,67.2220036583755
3917176,mean,estimated,1978,2,52.9928290879176
3917176,mean,estimated,1978,3,56.0821900896425
3917176,mean,estimated,1978,4,41.7040663782938
3917176,mean,estimated,1978,5,69.6173740890654
3917176,mean,estimated,1978,6,33.9749258529823
3917176,mean,estimated,1978,7,12.2843486745752
3917176,mean,estimated,1978,8,6.24529488206485
3917176,mean,estimated,1978,9,13.7710662745687
3917176,mean,estimated,1978,10,12.1348738065395
3917176,mean,estimated,1978,11,9.17976076984738
3917176,mean,estimated,1978,12,8.19867243730973
3917176,mean,estimated,1979,1,8.16244144146233
3917176,mean,estimated,1979,2,17.3822161718733
3917176,mean,estimated,1979,3,15.5986866355519
3917176,mean,estimated,1979,4,15.7405148703384
3917176,mean,estimated,1979,5,29.0303730007935
3917176,mean,estimated,1979,6,14.4436874198088
3917176,mean,estimated,1979,7,8.35100720091347
3917176,mean,estimated,1979,8,4.83224834489333
3917176,mean,estimated,1979,9,8.82700658179351
3917176,mean,estimated,1979,10,14.6951938896719
3917176,mean,estimated,1979,11,22.5500138028728
3917176,mean,estimated,1979,12,26.4753085098359
3917176,mean,estimated,1980,1,27.1820634177341
3917176,mean,estimated,1980,2,55.8002324970977
3917176,mean,estimated,1980,3,34.390519618012
3917176,mean,estimated,1980,4,33.7971428027482
3917176,mean,estimated,1980,5,43.6299365200026
3917176,mean,estimated,1980,6,18.6948220519643
3917176,mean,estimated,1980,7,11.6634225639155
3917176,mean,estimated,1980,8,6.16106737756794
3917176,mean,estimated,1980,9,8.69254327941363
3917176,mean,estimated,1980,10,10.6419503170674
3917176,mean,estimated,1980,11,12.3045714321603
3917176,mean,estimated,1980,12,10.4888977060017
3917176,mean,estimated,1981,1,8.65874557620366
3917176,mean,estimated,1981,2,17.8494871415639
3917176,mean,estimated,1981,3,17.3191647885404
3917176,mean,estimated,1981,4,19.1879986745716
3917176,mean,estimated,1981,5,36.2964951905204
3917176,mean,estimated,1981,6,14.9644805903633
3917176,mean,estimated,1981,7,8.1886574828799
3917176,mean,estimated,1981,8,4.32676158573023
3917176,mean,estimated,1981,9,8.11650291728168
3917176,mean,estimated,1981,10,10.1875487298696
3917176,mean,estimated,1981,11,31.4871091883899
3917176,mean,estimated,1981,12,72.8400168960617
3917176,mean,estimated,1982,1,49.9548948677982
3917176,mean,estimated,1982,2,92.0444484963576
3917176,mean,estimated,1982,3,66.3231752926023
3917176,mean,estimated,1982,4,50.2814345089501
3917176,mean,estimated,1982,5,80.2020866860606
3917176,mean,estimated,1982,6,32.3643031678479
3917176,mean,estimated,1982,7,11.4433211076908
3917176,mean,estimated,1982,8,5.54838652502345
3917176,mean,estimated,1982,9,10.8424276490822
3917176,mean,estimated,1982,10,12.4091491066717
3917176,mean,estimated,1982,11,14.5830457487108
3917176,mean,estimated,1982,12,21.149481899653
3917176,mean,estimated,1983,1,32.3380443983317
3917176,mean,estimated,1983,2,88.4334899451184
3917176,mean,estimated,1983,3,56.1920991610844
3917176,mean,estimated,1983,4,52.512299074681
3917176,mean,estimated,1983,5,77.677609650745
3917176,mean,estimated,1983,6,38.7218419031411
3917176,mean,estimated,1983,7,12.5806139831968
3917176,mean,estimated,1983,8,7.84081076663784
3917176,mean,estimated,1983,9,11.5736418999493
3917176,mean,estimated,1983,10,12.1249534271748
3917176,mean,estimated,1983,11,17.755029219029
3917176,mean,estimated,1983,12,36.7173033307688
3917176,mean,estimated,1984,1,34.5397332805917
3917176,mean,estimated,1984,2,40.5919338889381
3917176,mean,estimated,1984,3,34.0178554139959
3917176,mean,estimated,1984,4,28.5299627699497
3917176,mean,estimated,1984,5,56.0913426475006
3917176,mean,estimated,1984,6,15.5148663844191
3917176,mean,estimated,1984,7,10.8430854025779
3917176,mean,estimated,1984,8,6.62720245384755
3917176,mean,estimated,1984,9,9.55807199745754
3917176,mean,estimated,1984,10,10.2794618786053
3917176,mean,estimated,1984,11,19.822269315127
3917176,mean,estimated,1984,12,22.8547078341377
3917176,mean,estimated,1985,1,19.4255028179223
3917176,mean,estimated,1985,2,17.0513347834661
3917176,mean,estimated,1985,3,16.963251742826
3917176,mean,estimated,1985,4,17.6107853319704
3917176,mean,estimated,1985,5,26.8896606004294
3917176,mean,estimated,1985,6,13.0087181513014
3917176,mean,estimated,1985,7,4.64639960698713
3917176,mean,estimated,1985,8,3.29304506760064
3917176,mean,estimated,1985,9,10.9716597733487
3917176,mean,estimated,1985,10,11.3611939802809
3917176,mean,estimated,1985,11,10.1638466125846
3917176,mean,estimated,1985,12,9.90853384637971
3917176,mean,estimated,1986,1,12.9450168657086
3917176,mean,estimated,1986,2,81.5109541910272
3917176,mean,estimated,1986,3,51.1142868893632
3917176,mean,estimated,1986,4,35.2183593500347
3917176,mean,estimated,1986,5,50.9648703318917
3917176,mean,estimated,1986,6,18.1518395999828
3917176,mean,estimated,1986,7,9.45791131669469
3917176,mean,estimated,1986,8,4.7739836310403
3917176,mean,estimated,1986,9,10.839778289991
3917176,mean,estimated,1986,10,11.8837851904913
3917176,mean,estimated,1986,11,8.50255489888497
3917176,mean,estimated,1986,12,8.82476198259979
3917176,mean,estimated,1987,1,8.12750418588017
3917176,mean,estimated,1987,2,13.4950737357642
3917176,mean,estimated,1987,3,14.4301256176198
3917176,mean,estimated,1987,4,13.5712971137245
3917176,mean,estimated,1987,5,26.7933400586562
3917176,mean,estimated,1987,6,11.8730698430667
3917176,mean,estimated,1987,7,5.91709051863929
3917176,mean,estimated,1987,8,3.04716612038207
3917176,mean,estimated,1987,9,8.3331118574738
3917176,mean,estimated,1987,10,8.86739935591062
3917176,mean,estimated,1987,11,8.30141533337919
3917176,mean,estimated,1987,12,9.04551802099402
3917176,mean,estimated,1988,1,9.5150625775906
3917176,mean,estimated,1988,2,13.6267220970203
3917176,mean,estimated,1988,3,14.7938537194586
3917176,mean,estimated,1988,4,12.5483767432669
3917176,mean,estimated,1988,5,28.4856704178775
3917176,mean,estimated,1988,6,14.8461248259275
3917176,mean,estimated,1988,7,6.93528259263997
3917176,mean,estimated,1988,8,3.35803037781002
3917176,mean,estimated,1988,9,7.84260539006524
3917176,mean,estimated,1988,10,9.10596271416481
3917176,mean,estimated,1988,11,10.2296118882491
3917176,mean,estimated,1988,12,19.9646792216372
3917176,mean,estimated,1989,1,10.7327170903033
3917176,mean,estimated,1989,2,14.5619875413019
3917176,mean,estimated,1989,3,18.6190716531516
3917176,mean,estimated,1989,4,25.9380491830737
3917176,mean,estimated,1989,5,42.0919035470572
3917176,mean,estimated,1989,6,20.9427979745261
3917176,mean,estimated,1989,7,6.84624873770846
3917176,mean,estimated,1989,8,3.90437656407411
3917176,mean,estimated,1989,9,12.0378833742357
3917176,mean,estimated,1989,10,11.8430471642104
3917176,mean,estimated,1989,11,10.4545780800564
3917176,mean,estimated,1989,12,7.75940608297728
3917176,mean,estimated,1990,1,10.6914984019349
3917176,mean,estimated,1990,2,14.1016104070378
3917176,mean,estimated,1990,3,15.3946756948431
3917176,mean,estimated,1990,4,16.9280522089107
3917176,mean,estimated,1990,5,44.6579617935896
3917176,mean,estimated,1990,6,27.0207695135359
3917176,mean,estimated,1990,7,9.58501091000272
3917176,mean,estimated,1990,8,7.18177487333343
3917176,mean,estimated,1990,9,13.5415005283502
3917176,mean,estimated,1990,10,12.8456646641488
3917176,mean,estimated,1990,11,9.99730671914586
3917176,mean,estimated,1990,12,10.0233206539645
3917176,mean,estimated,1991,1,9.47448542383183
3917176,mean,estimated,1991,2,9.92076740349653
3917176,mean,estimated,1991,3,15.2755621754081
3917176,mean,estimated,1991,4,14.9833401728326
3917176,mean,estimated,1991,5,30.1958366939784
3917176,mean,estimated,1991,6,25.0925087440822
3917176,mean,estimated,1991,7,10.566444808043
3917176,mean,estimated,1991,8,5.63821938177101
3917176,mean,estimated,1991,9,9.18279527315891
3917176,mean,estimated,1991,10,9.76765430410107
3917176,mean,estimated,1991,11,9.54482333694197
3917176,mean,estimated,1991,12,8.53593454021541
3917176,mean,estimated,1992,1,7.18115269455035
3917176,mean,estimated,1992,2,11.4603584042455
3917176,mean,estimated,1992,3,13.172420117064
3917176,mean,estimated,1992,4,12.1204202001795
3917176,mean,estimated,1992,5,24.4327135094526
3917176,mean,estimated,1992,6,10.9326232557474
3917176,mean,estimated,1992,7,4.49562119920286
3917176,mean,estimated,1992,8,2.38203902252287
3917176,mean,estimated,1992,9,8.26891455590908
3917176,mean,estimated,1992,10,9.42726990995978
3917176,mean,estimated,1992,11,8.29725463085524
3917176,mean,estimated,1992,12,10.8520113402853
3917176,mean,estimated,1993,1,11.9358545780501
3917176,mean,estimated,1993,2,14.9460087337347
3917176,mean,estimated,1993,3,28.2116554365379
3917176,mean,estimated,1993,4,36.0902034005089
3917176,mean,estimated,1993,5,70.7200871022861
3917176,mean,estimated,1993,6,49.1623988550239
3917176,mean,estimated,1993,7,18.3439611310346
3917176,mean,estimated,1993,8,9.35039819259698
3917176,mean,estimated,1993,9,15.447346355165
3917176,mean,estimated,1993,10,15.2767759552734
3917176,mean,estimated,1993,11,19.2520837462606
3917176,mean,estimated,1993,12,8.51402654386754
3917176,mean,estimated,1994,1,9.27458849705408
3917176,mean,estimated,1994,2,12.019385143463
3917176,mean,estimated,1994,3,15.0180899410077
3917176,mean,estimated,1994,4,11.6847497467169
3917176,mean,estimated,1994,5,25.3902406364349
3917176,mean,estimated,1994,6,13.4861093557378
3917176,mean,estimated,1994,7,6.66648481158758
3917176,mean,estimated,1994,8,3.78797583176805
3917176,mean,estimated,1994,9,7.72862356496688
3917176,mean,estimated,1994,10,8.42897989776998
3917176,mean,estimated,1994,11,6.37609241539592
3917176,mean,estimated,1994,12,11.9086176334384
3917176,mean,estimated,1995,1,34.3538112443147
3917176,mean,estimated,1995,2,54.5492732836658
3917176,mean,estimated,1995,3,123.592278727665
3917176,mean,estimated,1995,4,73.0649056910555
3917176,mean,estimated,1995,5,93.5339686345219
3917176,mean,estimated,1995,6,65.7134644997436
3917176,mean,estimated,1995,7,22.9378405778735
3917176,mean,estimated,1995,8,9.83147446541893
3917176,mean,estimated,1995,9,15.6952828169704
3917176,mean,estimated,1995,10,14.6483460037809
3917176,mean,estimated,1995,11,19.7703334079751
3917176,mean,estimated,1995,12,20.6148992645573
3917176,mean,estimated,1996,1,38.4323866603893
3917176,mean,estimated,1996,2,69.8230925924487
3917176,mean,estimated,1996,3,38.6197903478547
3917176,mean,estimated,1996,4,34.6906291942777
3917176,mean,estimated,1996,5,63.6708764919812
3917176,mean,estimated,1996,6,37.7383251790956
3917176,mean,estimated,1996,7,11.7950967459967
3917176,mean,estimated,1996,8,4.42387774660076
3917176,mean,estimated,1996,9,11.6788083204544
3917176,mean,estimated,1996,10,11.0970150498832
3917176,mean,estimated,1996,11,10.9830761533398
3917176,mean,estimated,1996,12,33.0208199863819
3917176,mean,estimated,1997,1,42.5336858274423
3917176,mean,estimated,1997,2,33.024713249882
3917176,mean,estimated,1997,3,41.0930962610651
3917176,mean,estimated,1997,4,34.6176919881262
3917176,mean,estimated,1997,5,58.3562679777274
3917176,mean,estimated,1997,6,25.020604032953
3917176,mean,estimated,1997,7,13.9618713525656
3917176,mean,estimated,1997,8,6.98163414106654
3917176,mean,estimated,1997,9,11.3771099617105
3917176,mean,estimated,1997,10,11.1752087287488
3917176,mean,estimated,1997,11,10.9557576030958
3917176,mean,estimated,1997,12,10.4887811140188
3917176,mean,estimated,1998,1,14.1084884480605
3917176,mean,estimated,1998,2,21.092409358098
3917176,mean,estimated,1998,3,27.2124174332435
3917176,mean,estimated,1998,4,33.5431538104658
3917176,mean,estimated,1998,5,63.9817508840436
3917176,mean,estimated,1998,6,62.7120494148065
3917176,mean,estimated,1998,7,17.6587026025851
3917176,mean,estimated,1998,8,8.63149513196157
3917176,mean,estimated,1998,9,14.9237727045534
3917176,mean,estimated,1998,10,14.0378588368876
3917176,mean,estimated,1998,11,19.8431975319486
3917176,mean,estimated,1998,12,22.6517879932193
3917176,mean,estimated,1999,1,19.1346237857962
3917176,mean,estimated,1999,2,22.0239968412919
3917176,mean,estimated,1999,3,30.6617251562754
3917176,mean,estimated,1999,4,33.9866405224267
3917176,mean,estimated,1999,5,60.631687350896
3917176,mean,estimated,1999,6,38.0260571397209
3917176,mean,estimated,1999,7,15.9908364042609
3917176,mean,estimated,1999,8,8.86356736705708
3917176,mean,estimated,1999,9,12.2772610854256
3917176,mean,estimated,1999,10,13.188553884516
3917176,mean,estimated,1999,11,13.0933829751005
3917176,mean,estimated,1999,12,8.36643464004023
3917176,mean,estimated,2000,1,13.7422579168951
3917176,mean,estimated,2000,2,22.5404012648635
3917176,mean,estimated,2000,3,18.0325238584525
3917176,mean,estimated,2000,4,23.6495550979155
3917176,mean,estimated,2000,5,38.5581177532475
3917176,mean,estimated,2000,6,18.3023562270999
3917176,mean,estimated,2000,7,9.96257342574567
3917176,mean,estimated,2000,8,4.79995007750712
3917176,mean,estimated,2000,9,10.1207224215164
3917176,mean,estimated,2000,10,10.4437456437826
3917176,mean,estimated,2000,11,13.291045028909
3917176,mean,estimated,2000,12,7.00643595613411
3917176,mean,estimated,2001,1,7.2393419596002
3917176,mean,estimated,2001,2,8.31588595932853
3917176,mean,estimated,2001,3,12.739598659939
3917176,mean,estimated,2001,4,13.457759826343
3917176,mean,estimated,2001,5,27.1508882074893
3917176,mean,estimated,2001,6,22.3099381509938
3917176,mean,estimated,2001,7,11.3781642547335
3917176,mean,estimated,2001,8,7.02031958276799
3917176,mean,estimated,2001,9,9.62151350281285
3917176,mean,estimated,2001,10,9.45670761677862
3917176,mean,estimated,2001,11,11.9095376385036
3917176,mean,estimated,2001,12,11.7008620311363
3917176,mean,estimated,2002,1,10.8066119238874
3917176,mean,estimated,2002,2,10.5195637143842
3917176,mean,estimated,2002,3,14.4542920173389
3917176,mean,estimated,2002,4,17.2347546285433
3917176,mean,estimated,2002,5,31.0972580633044
3917176,mean,estimated,2002,6,16.6412526578707
3917176,mean,estimated,2002,7,8.023519134022
3917176,mean,estimated,2002,8,4.08486548804641
3917176,mean,estimated,2002,9,8.07630227596247
3917176,mean,estimated,2002,10,9.29948534232298
3917176,mean,estimated,2002,11,10.2177413987253
3917176,mean,estimated,2002,12,15.5455940663526
3917176,mean,estimated,2003,1,15.6990799034961
3917176,mean,estimated,2003,2,17.6167374403721
3917176,mean,estimated,2003,3,21.7404126635652
3917176,mean,estimated,2003,4,23.5708421116023
3917176,mean,estimated,2003,5,54.5833169366216
3917176,mean,estimated,2003,6,27.9018148794358
3917176,mean,estimated,2003,7,9.38244811849729
3917176,mean,estimated,2003,8,4.9986055397989
3917176,mean,estimated,2003,9,9.91793767791211
3917176,mean,estimated,2003,10,9.87585142417984
3917176,mean,estimated,2003,11,5.73528919063344
3917176,mean,estimated,2003,12,7.92170572555461
3917176,mean,estimated,2004,1,9.34116368595969
3917176,mean,estimated,2004,2,17.8234612256796
3917176,mean,estimated,2004,3,19.7462554119626
3917176,mean,estimated,2004,4,17.2082399018267
3917176,mean,estimated,2004,5,31.4762797412046
3917176,mean,estimated,2004,6,13.2864103955051
3917176,mean,estimated,2004,7,7.49170405556138
3917176,mean,estimated,2004,8,4.28459089335455
3917176,mean,estimated,2004,9,7.97500513545058
3917176,mean,estimated,2004,10,10.0432276247248
3917176,mean,estimated,2004,11,9.22668916938695
3917176,mean,estimated,2004,12,11.3061882066348
3917176,mean,estimated,2005,1,10.8164177582192
3917176,mean,estimated,2005,2,13.8068907538473
3917176,mean,estimated,2005,3,13.750551665977
3917176,mean,estimated,2005,4,13.7714823433827
3917176,mean,estimated,2005,5,30.6248262837528
3917176,mean,estimated,2005,6,23.4023093759555
3917176,mean,estimated,2005,7,11.9256226818619
3917176,mean,estimated,2005,8,6.34774713157437
3917176,mean,estimated,2005,9,9.43821440509182
3917176,mean,estimated,2005,10,10.0997711342201
3917176,mean,estimated,2005,11,9.14719792052124
3917176,mean,estimated,2005,12,33.9198576651638
3917176,mean,estimated,2006,1,33.0335949182737
3917176,mean,estimated,2006,2,26.0562859201827
3917176,mean,estimated,2006,3,33.358597779892
3917176,mean,estimated,2006,4,40.7893771901728
3917176,mean,estimated,2006,5,77.3696536971392
3917176,mean,estimated,2006,6,32.0377926908018
3917176,mean,estimated,2006,7,12.2603779133861
3917176,mean,estimated,2006,8,8.21422976607255
3917176,mean,estimated,2006,9,12.9360176646129
3917176,mean,estimated,2006,10,12.6389487811239
3917176,mean,estimated,2006,11,14.0295315512971
3917176,mean,estimated,2006,12,13.0884263797881
3917176,mean,estimated,2007,1,14.3463391963466
3917176,mean,estimated,2007,2,17.5541626626566
3917176,mean,estimated,2007,3,16.6973851840838
3917176,mean,estimated,2007,4,14.9986980238253
3917176,mean,estimated,2007,5,26.9798033434613
3917176,mean,estimated,2007,6,13.6272097533776
3917176,mean,estimated,2007,7,6.43256478725042
3917176,mean,estimated,2007,8,4.05301360572617
3917176,mean,estimated,2007,9,8.14181936496609
3917176,mean,estimated,2007,10,10.2904154174107
3917176,mean,estimated,2007,11,10.6128187762904
3917176,mean,estimated,2007,12,9.69644043980593
3917176,mean,estimated,2008,1,7.1363198339751
3917176,mean,estimated,2008,2,11.6689314223614
3917176,mean,estimated,2008,3,13.9695960029572
3917176,mean,estimated,2008,4,15.9273269368357
3917176,mean,estimated,2008,5,29.4110981142606
3917176,mean,estimated,2008,6,14.4820239068834
3917176,mean,estimated,2008,7,7.62220018065619
3917176,mean,estimated,2008,8,4.62154361361595
3917176,mean,estimated,2008,9,8.52140745666051
3917176,mean,estimated,2008,10,9.63960173359541
3917176,mean,estimated,2008,11,9.1808659812384
3917176,mean,estimated,2008,12,7.39399677614248
3917176,mean,estimated,2009,1,7.29459105845711
3917176,mean,estimated,2009,2,9.90228644349944
3917176,mean,estimated,2009,3,10.7526267050991
3917176,mean,estimated,2009,4,12.7972606158818
3917176,mean,estimated,2009,5,24.0872226003343
3917176,mean,estimated,2009,6,12.8311669939942
3917176,mean,estimated,2009,7,6.41438484186491
3917176,mean,estimated,2009,8,3.1643582289664
3917176,mean,estimated,2009,9,8.19176886919497
3917176,mean,estimated,2009,10,9.19657864107492
3917176,mean,estimated,2009,11,9.60488346614927
3917176,mean,estimated,2009,12,7.79776144447473
3917176,mean,estimated,2010,1,6.35454305595005
3917176,mean,estimated,2010,2,9.8905480699203
3917176,mean,estimated,2010,3,12.4660528129785
3917176,mean,estimated,2010,4,14.9285404728569
3917176,mean,estimated,2010,5,27.3232026324501
3917176,mean,estimated,2010,6,30.4881154981945
3917176,mean,estimated,2010,7,11.0711893545234
3917176,mean,estimated,2010,8,5.56523261236621
3917176,mean,estimated,2010,9,9.06026865239909
3917176,mean,estimated,2010,10,10.2655052803169
3917176,mean,estimated,2010,11,10.2486743954753
3917176,mean,estimated,2010,12,12.7554839233698
3917176,mean,estimated,2011,1,11.2598622152133
3917176,mean,estimated,2011,2,12.9755120229634
3917176,mean,estimated,2011,3,17.1291195309762
3917176,mean,estimated,2011,4,24.783373338323
3917176,mean,estimated,2011,5,43.995702058086
3917176,mean,estimated,2011,6,35.1482020268387
3917176,mean,estimated,2011,7,11.4975507452988
3917176,mean,estimated,2011,8,5.85080430348087
3917176,mean,estimated,2011,9,10.4683504634638
3917176,mean,estimated,2011,10,10.9691696438592
3917176,mean,estimated,2011,11,9.29764028821869
3917176,mean,estimated,2011,12,7.66276476442695
3917176,mean,estimated,2012,1,7.72702415159508
3917176,mean,estimated,2012,2,10.5282186981874
3917176,mean,estimated,2012,3,15.210003184324
3917176,mean,estimated,2012,4,26.7893853357541
3917176,mean,estimated,2012,5,44.3041247241803
3917176,mean,estimated,2012,6,22.2942530639661
3917176,mean,estimated,2012,7,10.2979862964567
3917176,mean,estimated,2012,8,5.34326374531367
3917176,mean,estimated,2012,9,9.77499383590997
3917176,mean,estimated,2012,10,10.7535248794485
3917176,mean,estimated,2012,11,12.3473711347845
3917176,mean,estimated,2012,12,20.8617233142834
3917176,mean,estimated,2013,1,21.230975692476
3917176,mean,estimated,2013,2,17.9038380483149
3917176,mean,estimated,2013,3,21.0725361973969
3917176,mean,estimated,2013,4,20.1547774199034
3917176,mean,estimated,2013,5,36.0770433085136
3917176,mean,estimated,2013,6,14.9759364898015
3917176,mean,estimated,2013,7,6.32285672961172
3917176,mean,estimated,2013,8,3.42976050602709
3917176,mean,estimated,2013,9,9.66589123913862
3917176,mean,estimated,2013,10,10.4605450434291
3917176,mean,estimated,2013,11,10.2026128762103
3917176,mean,estimated,2013,12,7.41358107358984
3917176,mean,estimated,2014,1,6.62440251471682
3917176,mean,estimated,2014,2,12.116658340781
3917176,mean,estimated,2014,3,14.3382928674241
3917176,mean,estimated,2014,4,18.230503692716
3917176,mean,estimated,2014,5,27.6334958906285
3917176,mean,estimated,2014,6,13.1792588006874
3917176,mean,estimated,2014,7,4.58579466473774
3917176,mean,estimated,2014,8,2.0947869083409
3917176,mean,estimated,2014,9,9.20611777168237
3917176,mean,estimated,2014,10,10.8951342797757
3917176,mean,estimated,2014,11,7.89673316778576
3917176,mean,estimated,2014,12,21.5170823019916
3917176,mean,estimated,2015,1,20.8205008218632
3917176,mean,estimated,2015,2,43.2129860903984
3917176,mean,estimated,2015,3,30.702064573442
3917176,mean,estimated,2015,4,25.759051760254
3917176,mean,estimated,2015,5,44.3975799044821
3917176,mean,estimated,2015,6,18.1717559817622
3917176,mean,estimated,2015,7,7.56164637854728
3917176,mean,estimated,2015,8,3.90983114664357
3917176,mean,estimated,2015,9,8.7087768122415
3917176,mean,estimated,2015,10,10.4558555333146
3917176,mean,estimated,2015,11,5.82689062821445
3917176,mean,estimated,2015,12,17.5152181104605
3917176,mean,estimated,2016,1,24.4881325801435
3917176,mean,estimated,2016,2,28.529218769384602
3917176,mean,estimated,2016,3,32.2380788833393
3917176,mean,estimated,2016,4,40.5931003171029
3917176,mean,estimated,2016,5,69.1179406434791
3917176,mean,estimated,2016,6,30.015034495344
3917176,mean,estimated,2016,7,11.819239908987301
3917176,mean,estimated,2016,8,5.44438089496003
3917176,mean,estimated,2016,9,12.2835872997845
3917176,mean,estimated,2016,10,19.3165766095864
3917176,mean,estimated,2016,11,26.976748645168602
3917176,mean,estimated,2016,12,27.1935316115662
3917176,mean,estimated,2017,1,29.301561331954304
3917176,mean,estimated,2017,2,68.0357834866239
3917176,mean,estimated,2017,3,49.4873310995121
3917176,mean,estimated,2017,4,56.788621445331295
3917176,mean,estimated,2017,5,91.8289240143835
3917176,mean,estimated,2017,6,66.273245536355
3917176,mean,estimated,2017,7,25.2187450961553
3917176,mean,estimated,2017,8,12.381693841251499
3917176,mean,estimated,2017,9,17.9747450579284
3917176,mean,estimated,2017,10,18.4547383508745
3917176,mean,estimated,2017,11,14.5774061866694
3917176,mean,estimated,2017,12,12.3857788974252
3917176,mean,estimated,2018,1,12.613557398631599
3917176,mean,estimated,2018,2,8.7513885825369
3917176,mean,estimated,2018,3,11.1519206197259
3917176,mean,estimated,2018,4,15.176786143232698
3917176,mean,estimated,2018,5,25.089481711409697
3917176,mean,estimated,2018,6,13.954010607743198
3917176,mean,estimated,2018,7,4.66566645894335
3917176,mean,estimated,2018,8,3.1337945887382
3917176,mean,estimated,2018,9,7.93794244091542
3917176,mean,estimated,2018,10,9.57831818997424
3917176,mean,estimated,2018,11,5.9604881463099195
3917176,mean,estimated,2018,12,8.553772208070809
3917176,mean,estimated,2019,1,8.55700411635784
3917176,mean,estimated,2019,2,16.3556717525086
3917176,mean,estimated,2019,3,22.3161010272231
3917176,mean,estimated,2019,4,31.559744440504602
3917176,mean,estimated,2019,5,57.29233494082089
3917176,mean,estimated,2019,6,36.3907480796764
3917176,mean,estimated,2019,7,10.582524403052501
3917176,mean,estimated,2019,8,7.76217702509568
3917176,mean,estimated,2019,9,13.705373604468901
3917176,mean,estimated,2019,10,14.9375571017149
3917176,mean,estimated,2019,11,11.9994410710168
3917176,mean,estimated,2019,12,7.6215782734261595
3917176,mean,estimated,2020,1,9.30393329374222
3917176,mean,estimated,2020,2,12.0157326738636
3917176,mean,estimated,2020,3,10.6010702227724
3917176,mean,estimated,2020,4,11.997538713673801
3917176,mean,estimated,2020,5,24.740794428174702
3917176,mean,estimated,2020,6,14.0335150594484
3917176,mean,estimated,2020,7,4.06853292092702
3917176,mean,estimated,2020,8,2.15877433324139
3917176,mean,estimated,2020,9,7.9785727719233295
3917176,mean,estimated,2020,10,9.34310623115794
3917176,mean,estimated,2020,11,7.82856807018829
3917176,mean,estimated,2020,12,8.05029504124966
3917176,mean,estimated,2021,1,7.23682239880291
3917176,mean,estimated,2021,2,10.7511012921296
3917176,mean,estimated,2021,3,11.673264607024
3917176,mean,estimated,2021,4,12.088751285753201
3917176,mean,estimated,2021,5,24.0997838951052
3917176,mean,estimated,2021,6,12.7407896567381
3917176,mean,estimated,2021,7,1.8279380271131798
3917176,mean,estimated,2021,8,1.4306533941848898
3917176,mean,estimated,2021,9,9.27354433084327
3917176,mean,estimated,2021,10,11.968799119920199
3917176,mean,estimated,2021,11,9.1904415831024
3917176,mean,estimated,2021,12,12.246012939030301
3917176,mean,estimated,2022,1,12.4424077247793
3917176,mean,estimated,2022,2,11.7012771877445
3917176,mean,estimated,2022,3,11.9988644817957
3917176,mean,estimated,2022,4,14.4707483803549
3917176,mean,estimated,2022,5,28.314704752476
3917176,mean,estimated,2022,6,21.0425336920835
3917176,mean,estimated,2022,7,7.33321980578961
3917176,mean,estimated,2022,8,4.49520234471389
3917176,mean,estimated,2022,9,8.59952014851602
3917176,mean,estimated,2022,10,10.0253971585272
3917176,mean,estimated,2022,11,8.02418185570822
3917176,mean,estimated,2022,12,15.5336218273419
3917176,mean,estimated,2023,1,16.4590191850282
3917176,mean,estimated,2023,2,15.2787710321919
3917176,mean,estimated,2023,3,22.3368321200031
3917176,mean,estimated,2023,4,28.6201660290009
3917176,mean,estimated,2023,5,68.0798630307334
3917176,mean,estimated,2023,6,40.905984261722
3917176,mean,estimated,2023,7,15.522189786994
3917176,mean,estimated,2023,8,8.90662883201592
3917176,mean,estimated,2023,9,15.281413105431
3917176,mean,estimated,2023,10,15.0256950852201
3917176,mean,estimated,2023,11,9.68449535390762
3917176,mean,estimated,2023,12,10.0504406848012
3917176,mean,estimated,2024,1,14.222934815355
3917176,mean,estimated,2024,2,12.9213154280072
3917176,mean,estimated,2024,3,16.7456886766194
3917176,mean,estimated,2024,4,21.0702032793639
3917176,mean,estimated,2024,5,38.8110780830768
3917176,mean,estimated,2024,6,15.5435166278495
3917176,mean,estimated,2024,7,4.49225689791496
3917176,mean,estimated,2024,8,2.87851312206644
3917176,mean,estimated,2024,9,8.39311584584234
3917176,mean,estimated,2024,10,10.1337374899649
3917176,mean,estimated,2024,11,10.8374479324182
3917176,mean,estimated,2024,12,29.9095347863962
3917176,mean,estimated,2025,1,26.479830728829
3917176,mean,estimated,2025,2,29.9962756741756
3917176,mean,estimated,2025,3,41.7805268191342
3917176,mean,estimated,2025,4,39.2403810360784
3917176,mean,estimated,2025,5,60.203410777493
3917176,mean,estimated,2025,6,17.6602219806994
3917176,mean,estimated,2025,7,7.96552286649404
3917176,mean,estimated,2025,8,4.61206234114894
3917176,mean,estimated,2025,9,11.078166186497
